Total_Income,Total_Expense,Num_Transactions,Avg_Expense,Max_Expense,Low_Balance_Freq,Expense_Income_Ratio,Top_Category_Spend
13426136.68,33289703.709999997,1873,24973.521162790694,49976.81,174,2.479470044394036,31372496.2
18836889.259999998,46221437.629999995,2579,25340.700455043858,49990.41,274,2.453772328966805,43557619.77
691143219.87,1668518611.5300002,94231,25083.71585931628,49998.2,9292,2.41414306551953,1577174055.85
4615128.300000001,12255388.649999999,680,25855.250316455695,49822.25,63,2.65548167967508,11768177.14
4576857.9,11991086.2,637,25787.282150537634,49506.47,67,2.619938495359447,11351760.11
